grain,limit,radius,bac,accuracy
19,1,0.19,0.5,0.6500699787719897
19,3,0.19,0.5,0.6500699787719897
19,5,0.19,0.5,0.6500699787719897
19,7,0.19,0.5,0.6500699787719897
19,9,0.19,0.5,0.6500699787719897
19,11,0.19,0.5,0.6500699787719897
19,13,0.19,0.5,0.6500699787719897
19,15,0.19,0.5,0.6500699787719897
19,17,0.19,0.5,0.6500699787719897
19,19,0.19,0.5,0.6500699787719897
