grain,limit,radius,bac,accuracy
13,1,0.23,0.5,0.34895897884060273
13,3,0.23,0.5,0.34895897884060273
13,5,0.23,0.5,0.34895897884060273
13,7,0.23,0.5,0.34895897884060273
13,9,0.23,0.5,0.34895897884060273
13,11,0.23,0.5,0.34895897884060273
13,13,0.23,0.5,0.34895897884060273
13,15,0.23,0.5,0.34895897884060273
13,17,0.23,0.5,0.34895897884060273
13,19,0.23,0.5,0.34895897884060273
