grain,limit,radius,bac,accuracy
7,1,0.03,0.5,0.6041666666666666
7,3,0.03,0.5,0.6041666666666666
7,5,0.03,0.5,0.6041666666666666
7,7,0.03,0.5,0.6041666666666666
7,9,0.03,0.5,0.6041666666666666
7,11,0.03,0.5,0.6041666666666666
7,13,0.03,0.5,0.6041666666666666
7,15,0.03,0.5,0.6041666666666666
7,17,0.03,0.5,0.6041666666666666
7,19,0.03,0.5,0.6041666666666666
