grain,limit,radius,bac,accuracy
5,1,0.21,0.5,0.4444444444444445
5,3,0.21,0.5,0.4444444444444445
5,5,0.21,0.5,0.4444444444444445
5,7,0.21,0.5,0.4444444444444445
5,9,0.21,0.5,0.4444444444444445
5,11,0.21,0.5,0.4444444444444445
5,13,0.21,0.5,0.4444444444444445
5,15,0.21,0.5,0.4444444444444445
5,17,0.21,0.5,0.4444444444444445
5,19,0.21,0.5,0.4444444444444445
