grain,limit,radius,bac,accuracy
17,1,0.01,0.5,0.6410269445856634
17,3,0.01,0.5,0.6410269445856634
17,5,0.01,0.5,0.6410269445856634
17,7,0.01,0.5,0.6410269445856634
17,9,0.01,0.5,0.6410269445856634
17,11,0.01,0.5,0.6410269445856634
17,13,0.01,0.5,0.6410269445856634
17,15,0.01,0.5,0.6410269445856634
17,17,0.01,0.5,0.6410269445856634
17,19,0.01,0.5,0.6410269445856634
