grain,limit,radius,bac,accuracy
3,1,0.15,0.5,0.5555555555555556
3,3,0.15,0.5,0.5555555555555556
3,5,0.15,0.5,0.5555555555555556
3,7,0.15,0.5,0.5555555555555556
3,9,0.15,0.5,0.5555555555555556
3,11,0.15,0.5,0.5555555555555556
3,13,0.15,0.5,0.5555555555555556
3,15,0.15,0.5,0.5555555555555556
3,17,0.15,0.5,0.5555555555555556
3,19,0.15,0.5,0.5555555555555556
