grain,limit,radius,bac,accuracy
19,1,0.09,0.5,0.6064011379800853
19,3,0.09,0.5,0.6064011379800853
19,5,0.09,0.5,0.6064011379800853
19,7,0.09,0.5,0.6064011379800853
19,9,0.09,0.5,0.6064011379800853
19,11,0.09,0.5,0.6064011379800853
19,13,0.09,0.5,0.6064011379800853
19,15,0.09,0.5,0.6064011379800853
19,17,0.09,0.5,0.6064011379800853
19,19,0.09,0.5,0.6064011379800853
