fold,radius,grain,limit,accuracy,bac
0,0.01,17,1,0.73466666666666669,0.67258252594564694
0,0.01,17,3,0.76400000000000001,0.73818979591882616
