fold,radius,grain,limit,accuracy,bac
0,0.01,15,15,0.77536231884057971,0.78445512820512819
0,0.03,15,15,0.80072463768115942,0.80208333333333326
0,0.05,15,15,0.82789855072463769,0.83669871794871797
0,0.07,15,15,0.78079710144927539,0.78830128205128203
0,0.09,15,15,0.79710144927536231,0.79695512820512815
