fold,radius,grain,limit,accuracy,bac
0,0.01,15,15,0.78933333333333333,0.74653707783984746
0,0.03,15,15,0.78666666666666663,0.7410022662554292
0,0.05,15,15,0.78266666666666662,0.73777554094287179
0,0.07,15,15,0.78266666666666662,0.73777554094287179
0,0.09,15,15,0.78133333333333332,0.7366917078594134
0,0.11,15,15,0.78266666666666662,0.74193862143966038
0,0.13,15,15,0.78133333333333332,0.74085478835620211
0,0.15,15,15,0.78133333333333332,0.74085478835620211
